{
  "cv_dir": null,
  "environment": {
    "cwd": "C:\\Users\\Gladiator\\trading-lab",
    "env_name": "tradebot",
    "executable": "C:\\Users\\Gladiator\\anaconda3\\envs\\tradebot\\python.exe",
    "python": "3.11.13 | packaged by Anaconda, Inc. | (main, Jun  5 2025, 13:03:15) [MSC v.1929 64 bit (AMD64)]"
  },
  "key": "SOPRRegimeBand_BTCUSD_15m",
  "params": {
    "band_high": 1.0145368387885554,
    "band_low": 0.9783156798652404,
    "band_pad": 0.0007572254698548193,
    "ma_regime": 80,
    "ma_short": 8,
    "max_hold_days": 130,
    "regime_eps": 0.008202649616931436,
    "sl_pct": 0.04218009001924347,
    "sopr_tp_bear": 0.9331418137328319,
    "sopr_tp_bull": 1.0495968078559108,
    "tp_pct": 0.07408096293399433
  },
  "run_config": {
    "end": "2024-12-31",
    "fees_bps": 5,
    "inputs": {
      "price_csv": "data\\cleaned\\ohlcv_BTCUSD@15m.csv",
      "sopr_csv": "data\\cleaned\\metric_btc.adjusted_sopr_asopr@1d.csv"
    },
    "oos_end": "2024-12-31",
    "oos_start": "2022-01-01",
    "slippage_bps": 2,
    "start": "2021-01-01",
    "symbol": "BTCUSD",
    "timeframe": "15m"
  },
  "strategy": "SOPRRegimeBand",
  "symbol": "BTCUSD",
  "timeframe": "15m",
  "timestamps": {
    "created_utc": "2025-10-03T10:51:42Z"
  }
}