{
  "cv_dir": null,
  "environment": {
    "cwd": "C:\\Users\\Gladiator\\trading-lab",
    "env_name": "tradebot",
    "executable": "C:\\Users\\Gladiator\\anaconda3\\envs\\tradebot\\python.exe",
    "python": "3.11.13 | packaged by Anaconda, Inc. | (main, Jun  5 2025, 13:03:15) [MSC v.1929 64 bit (AMD64)]"
  },
  "key": "SOPRRegimeBand_BTCUSD_15m",
  "params": {
    "band_high": 1.0117562927883899,
    "band_low": 0.9893752232163763,
    "ma_regime": 80,
    "ma_short": 8,
    "max_hold_days": 160,
    "regime_eps": 0.0020475639942055157,
    "sl_pct": 0.05456300743846067,
    "sopr_tp_bear": 0.9377192754306631,
    "sopr_tp_bull": 1.0512762993602898,
    "tp_pct": 0.0542387546609604
  },
  "run_config": {
    "end": "2024-12-31",
    "fees_bps": 5,
    "inputs": {
      "sopr_csv": "data\\metrics\\sopr@1d.csv"
    },
    "oos_end": "2024-12-31",
    "oos_start": "2024-01-01",
    "slippage_bps": 2,
    "start": "2021-01-01"
  },
  "strategy": "SOPRRegimeBand",
  "symbol": "BTCUSD",
  "timeframe": "15m",
  "timestamps": {
    "created_utc": "2025-10-02T21:42:27Z"
  }
}