{
  "cv_dir": null,
  "environment": {
    "cwd": "C:\\Users\\Gladiator\\trading-lab",
    "env_name": "tradebot",
    "executable": "C:\\Users\\Gladiator\\anaconda3\\envs\\tradebot\\python.exe",
    "python": "3.11.13 | packaged by Anaconda, Inc. | (main, Jun  5 2025, 13:03:15) [MSC v.1929 64 bit (AMD64)]"
  },
  "key": "MyStrategy_BTCUSD_15m",
  "params": {
    "lookback": 150,
    "risk_per_trade": 0.012767512238122398,
    "threshold": 0.817584622619205,
    "use_trailing": false
  },
  "run_config": {
    "end": "2024-12-31",
    "fees_bps": 5,
    "oos_end": "2024-12-31",
    "oos_start": "2024-01-01",
    "slippage_bps": 2,
    "start": "2021-01-01"
  },
  "strategy": "MyStrategy",
  "symbol": "BTCUSD",
  "timeframe": "15m",
  "timestamps": {
    "created_utc": "2025-10-02T21:23:08Z"
  }
}