{
  "cv_dir": null,
  "environment": {
    "cwd": "C:\\Users\\Gladiator\\trading-lab",
    "env_name": "tradebot",
    "executable": "C:\\Users\\Gladiator\\anaconda3\\envs\\tradebot\\python.exe",
    "python": "3.11.13 | packaged by Anaconda, Inc. | (main, Jun  5 2025, 13:03:15) [MSC v.1929 64 bit (AMD64)]"
  },
  "key": "SOPRRegimeBand_BTCUSD_15m",
  "params": {
    "band_high": 1.0092448977318247,
    "band_low": 0.9842780445754731,
    "ma_regime": 70,
    "ma_short": 8,
    "max_hold_days": 40,
    "regime_eps": 0.0002427204293532692,
    "sl_pct": 0.060353466618973964,
    "sopr_tp_bear": 0.924647712341215,
    "sopr_tp_bull": 1.0735094655297928,
    "tp_pct": 0.05314491587192344
  },
  "run_config": {
    "end": "2024-12-31",
    "fees_bps": 5,
    "inputs": {
      "sopr_csv": "data\\metrics\\sopr@1d.csv"
    },
    "oos_end": "2024-12-31",
    "oos_start": "2024-01-01",
    "slippage_bps": 2,
    "start": "2021-01-01"
  },
  "strategy": "SOPRRegimeBand",
  "symbol": "BTCUSD",
  "timeframe": "15m",
  "timestamps": {
    "created_utc": "2025-10-02T21:42:27Z"
  }
}