{
  "cv_dir": null,
  "environment": {
    "cwd": "C:\\Users\\Gladiator\\trading-lab",
    "env_name": "tradebot",
    "executable": "C:\\Users\\Gladiator\\anaconda3\\envs\\tradebot\\python.exe",
    "python": "3.11.13 | packaged by Anaconda, Inc. | (main, Jun  5 2025, 13:03:15) [MSC v.1929 64 bit (AMD64)]"
  },
  "key": "SOPRRegimeBand_BTCUSD_15m",
  "params": {
    "band_high": 1.014453734126643,
    "band_low": 0.9692270988537961,
    "band_pad": 0.0006741367236760015,
    "ma_regime": 90,
    "ma_short": 9,
    "max_hold_days": 90,
    "regime_eps": 0.007960216499851902,
    "sl_pct": 0.06339162356524393,
    "sopr_tp_bear": 0.941389536301493,
    "sopr_tp_bull": 1.0389098698513455,
    "tp_pct": 0.060991073830955186
  },
  "run_config": {
    "end": "2024-12-31",
    "fees_bps": 5,
    "inputs": {
      "price_csv": "data\\cleaned\\ohlcv_BTCUSD@15m.csv",
      "sopr_csv": "data\\cleaned\\metric_btc.adjusted_sopr_asopr@1d.csv"
    },
    "oos_end": "2024-12-31",
    "oos_start": "2022-01-01",
    "slippage_bps": 2,
    "start": "2021-01-01",
    "symbol": "BTCUSD",
    "timeframe": "15m"
  },
  "strategy": "SOPRRegimeBand",
  "symbol": "BTCUSD",
  "timeframe": "15m",
  "timestamps": {
    "created_utc": "2025-10-03T10:54:40Z"
  }
}