{
  "cv_dir": null,
  "environment": {
    "cwd": "C:\\Users\\Gladiator\\trading-lab",
    "env_name": "tradebot",
    "executable": "C:\\Users\\Gladiator\\anaconda3\\envs\\tradebot\\python.exe",
    "python": "3.11.13 | packaged by Anaconda, Inc. | (main, Jun  5 2025, 13:03:15) [MSC v.1929 64 bit (AMD64)]"
  },
  "key": "SOPRRegimeBand_BTCUSD_15m",
  "params": {
    "band_high": 1.0095501784811962,
    "band_low": 0.9971968678887452,
    "band_pad": 0.002883924387879928,
    "ma_regime": 110,
    "ma_short": 5,
    "max_hold_days": 180,
    "regime_eps": 0.004091934119646418,
    "sl_pct": 0.04657959802504995,
    "sopr_tp_bear": 0.9549055510608643,
    "sopr_tp_bull": 1.0502118444178923,
    "tp_pct": 0.051638333666680636
  },
  "run_config": {
    "end": "2024-12-31",
    "fees_bps": 5,
    "inputs": {
      "price_csv": "data\\cleaned\\ohlcv_BTCUSD@15m.csv",
      "sopr_csv": "data\\cleaned\\metric_btc.adjusted_sopr_asopr@1d.csv"
    },
    "oos_end": "2024-12-31",
    "oos_start": "2022-01-01",
    "slippage_bps": 2,
    "start": "2021-01-01",
    "symbol": "BTCUSD",
    "timeframe": "15m"
  },
  "strategy": "SOPRRegimeBand",
  "symbol": "BTCUSD",
  "timeframe": "15m",
  "timestamps": {
    "created_utc": "2025-10-03T10:54:40Z"
  }
}