{
  "cv_dir": null,
  "environment": {
    "cwd": "C:\\Users\\Gladiator\\trading-lab",
    "env_name": "tradebot",
    "executable": "C:\\Users\\Gladiator\\anaconda3\\envs\\tradebot\\python.exe",
    "python": "3.11.13 | packaged by Anaconda, Inc. | (main, Jun  5 2025, 13:03:15) [MSC v.1929 64 bit (AMD64)]"
  },
  "key": "SOPRRegimeBand_BTCUSD_15m",
  "params": {
    "band_high": 1.0074762467215745,
    "band_low": 0.9965282081954109,
    "ma_regime": 110,
    "ma_short": 6,
    "max_hold_days": 30,
    "regime_eps": 0.0006967840919059253,
    "sl_pct": 0.051999239904866275,
    "sopr_tp_bear": 0.9326037229839301,
    "sopr_tp_bull": 1.0624786761144773,
    "tp_pct": 0.06524473896012162
  },
  "run_config": {
    "end": "2024-12-31",
    "fees_bps": 5,
    "inputs": {
      "price_csv": "data\\cleaned\\ohlcv_BTCUSD@15m.csv",
      "sopr_csv": "data\\metrics\\sopr@1d.csv"
    },
    "oos_end": "2024-12-31",
    "oos_start": "2024-01-01",
    "slippage_bps": 2,
    "start": "2021-01-01",
    "symbol": "BTCUSD",
    "timeframe": "15m"
  },
  "strategy": "SOPRRegimeBand",
  "symbol": "BTCUSD",
  "timeframe": "15m",
  "timestamps": {
    "created_utc": "2025-10-02T21:46:39Z"
  }
}