{
  "cv_dir": null,
  "environment": {
    "cwd": "C:\\Users\\Gladiator\\trading-lab",
    "env_name": "tradebot",
    "executable": "C:\\Users\\Gladiator\\anaconda3\\envs\\tradebot\\python.exe",
    "python": "3.11.13 | packaged by Anaconda, Inc. | (main, Jun  5 2025, 13:03:15) [MSC v.1929 64 bit (AMD64)]"
  },
  "key": "SOPRRegimeBand_BTCUSD_15m",
  "params": {
    "band_high": 1.0049689485101676,
    "band_low": 0.9711346562747409,
    "ma_regime": 65,
    "ma_short": 6,
    "max_hold_days": 130,
    "regime_eps": 0.004727027672898475,
    "sl_pct": 0.06888736582974823,
    "sopr_tp_bear": 0.957683772641238,
    "sopr_tp_bull": 1.0319802438981822,
    "tp_pct": 0.06556518488020187
  },
  "run_config": {
    "end": "2024-12-31",
    "fees_bps": 5,
    "inputs": {
      "price_csv": "data\\cleaned\\ohlcv_BTCUSD@15m.csv",
      "sopr_csv": "data\\metrics\\sopr@1d.csv"
    },
    "oos_end": "2024-12-31",
    "oos_start": "2024-01-01",
    "slippage_bps": 2,
    "start": "2021-01-01",
    "symbol": "BTCUSD",
    "timeframe": "15m"
  },
  "strategy": "SOPRRegimeBand",
  "symbol": "BTCUSD",
  "timeframe": "15m",
  "timestamps": {
    "created_utc": "2025-10-02T21:46:34Z"
  }
}