{
  "cv_dir": null,
  "environment": {
    "cwd": "C:\\Users\\Gladiator\\trading-lab",
    "env_name": "tradebot",
    "executable": "C:\\Users\\Gladiator\\anaconda3\\envs\\tradebot\\python.exe",
    "python": "3.11.13 | packaged by Anaconda, Inc. | (main, Jun  5 2025, 13:03:15) [MSC v.1929 64 bit (AMD64)]"
  },
  "key": "SOPRRegimeBand_BTCUSD_15m",
  "params": {
    "band_high": 1.0141922721105718,
    "band_low": 0.9742074525299715,
    "band_pad": 0.0032849965536755695,
    "ma_regime": 100,
    "ma_short": 6,
    "max_hold_days": 110,
    "regime_eps": 0.007817036660147433,
    "sl_pct": 0.06726257712284293,
    "sopr_tp_bear": 0.9531294811398285,
    "sopr_tp_bull": 1.0405749805045283,
    "tp_pct": 0.07705557113213182
  },
  "run_config": {
    "end": "2024-12-31",
    "fees_bps": 5,
    "inputs": {
      "price_csv": "data\\cleaned\\ohlcv_BTCUSD@15m.csv",
      "sopr_csv": "data\\cleaned\\metric_btc.adjusted_sopr_asopr@1d.csv"
    },
    "oos_end": "2024-12-31",
    "oos_start": "2022-01-01",
    "slippage_bps": 2,
    "start": "2021-01-01",
    "symbol": "BTCUSD",
    "timeframe": "15m"
  },
  "strategy": "SOPRRegimeBand",
  "symbol": "BTCUSD",
  "timeframe": "15m",
  "timestamps": {
    "created_utc": "2025-10-03T11:07:13Z"
  }
}